959402, 0
2237, 1
1903, 2
1817, 3
1798, 4
1809, 5
1795, 6
1765, 7
1738, 8
1764, 9
7106, 10
1746, 11
1817, 12
1791, 13
1768, 14
1768, 15
1757, 16
1820, 17
1771, 18
1836, 19
6629, 20
1776, 21
1730, 22
1757, 23
1809, 24
1775, 25
1760, 26
1813, 27
1761, 28
1772, 29
1780, 30
1847, 31
1776, 32
1816, 33
1772, 34
1776, 35
1757, 36
1768, 37
1742, 38
1749, 39
4534, 40
1760, 41
1742, 42
1746, 43
1734, 44
1761, 45
1750, 46
1735, 47
1802, 48
1851, 49
1775, 50
1831, 51
1764, 52
1756, 53
1764, 54
1753, 55
1764, 56
1749, 57
1742, 58
1757, 59
1753, 60
1727, 61
1742, 62
1726, 63
1726, 64
1746, 65
1753, 66
1761, 67
1719, 68
1832, 69
1738, 70
1738, 71
1764, 72
1787, 73
1779, 74
1764, 75
1824, 76
1790, 77
1753, 78
1825, 79
6805, 80
1847, 81
1756, 82
1726, 83
1730, 84
1738, 85
1742, 86
1880, 87
1765, 88
1730, 89
1738, 90
1746, 91
1746, 92
1768, 93
1726, 94
1726, 95
1907, 96
1723, 97
1723, 98
1735, 99
1723, 100
1734, 101
1933, 102
1730, 103
1745, 104
1738, 105
1708, 106
1742, 107
1734, 108
1707, 109
1708, 110
1726, 111
1734, 112
1817, 113
1742, 114
1839, 115
1776, 116
1742, 117
1760, 118
1741, 119
1847, 120
1749, 121
1738, 122
1741, 123
1708, 124
1735, 125
1693, 126
1715, 127
13145, 128
2049, 129
5034, 130
2039, 131
2001, 132
2009, 133
1989, 134
2015, 135
2015, 136
2016, 137
1982, 138
1997, 139
2016, 140
2039, 141
2012, 142
2102, 143
2001, 144
1964, 145
2046, 146
1941, 147
1997, 148
1989, 149
1982, 150
1975, 151
2005, 152
1993, 153
1955, 154
2008, 155
2012, 156
4534, 157
1997, 158
1990, 159
10285, 160
1997, 161
1967, 162
1982, 163
1975, 164
1990, 165
1975, 166
2024, 167
2009, 168
1974, 169
1994, 170
1974, 171
1994, 172
2000, 173
1989, 174
1993, 175
1971, 176
1967, 177
2008, 178
2020, 179
2035, 180
2012, 181
2004, 182
1993, 183
2038, 184
2004, 185
2117, 186
1949, 187
1960, 188
1989, 189
2024, 190
2012, 191
2076, 192
2012, 193
2012, 194
1990, 195
1967, 196
1997, 197
1982, 198
1979, 199
1990, 200
1994, 201
2004, 202
2128, 203
2012, 204
2001, 205
2004, 206
2020, 207
2001, 208
2024, 209
2015, 210
2005, 211
2004, 212
2061, 213
2008, 214
2241, 215
1933, 216
2038, 217
1974, 218
1986, 219
2001, 220
2008, 221
1986, 222
1963, 223
2012, 224
1997, 225
1970, 226
1971, 227
1982, 228
1967, 229
1956, 230
1986, 231
1982, 232
1948, 233
2024, 234
1982, 235
1967, 236
2087, 237
1960, 238
1975, 239
1982, 240
1982, 241
1986, 242
2034, 243
1997, 244
2008, 245
2001, 246
5154, 247
1952, 248
1967, 249
1982, 250
1952, 251
1952, 252
1956, 253
1986, 254
1967, 255
1978, 256
2030, 257
2000, 258
2001, 259
1997, 260
2031, 261
2001, 262
2005, 263
2000, 264
1986, 265
2015, 266
1997, 267
1982, 268
1971, 269
2019, 270
2027, 271
2000, 272
1989, 273
4568, 274
2076, 275
1967, 276
2012, 277
2000, 278
2004, 279
1979, 280
1978, 281
1982, 282
1982, 283
1989, 284
1989, 285
2005, 286
2016, 287
2095, 288
1997, 289
1959, 290
2001, 291
1997, 292
1978, 293
1960, 294
2015, 295
1967, 296
1986, 297
1986, 298
1978, 299
2012, 300
2012, 301
1982, 302
1978, 303
1964, 304
2020, 305
1978, 306
1978, 307
1974, 308
1974, 309
1982, 310
1978, 311
5462, 312
2083, 313
1949, 314
1986, 315
1982, 316
2012, 317
2027, 318
118359, 319
28066, 320
1945, 321
2000, 322
1964, 323
1952, 324
1970, 325
2020, 326
1989, 327
1982, 328
1948, 329
2023, 330
1978, 331
1963, 332
5785, 333
2079, 334
1967, 335
1982, 336
1941, 337
2008, 338
1971, 339
1970, 340
1940, 341
2027, 342
2016, 343
1986, 344
1974, 345
2001, 346
2001, 347
1982, 348
1978, 349
1944, 350
1971, 351
2015, 352
1971, 353
1997, 354
1993, 355
1975, 356
1997, 357
1993, 358
2031, 359
1974, 360
1978, 361
1959, 362
1971, 363
1986, 364
1997, 365
2008, 366
1971, 367
1964, 368
1955, 369
1982, 370
1956, 371
1963, 372
1941, 373
1994, 374
1997, 375
1967, 376
1978, 377
1993, 378
1952, 379
1967, 380
1997, 381
2327, 382
2023, 383
2005, 384
1978, 385
1970, 386
1982, 387
1982, 388
2019, 389
2012, 390
2031, 391
1975, 392
1986, 393
1989, 394
1971, 395
2023, 396
1993, 397
1997, 398
1993, 399
2016, 400
1978, 401
1997, 402
2004, 403
1971, 404
2061, 405
1982, 406
2027, 407
1997, 408
1978, 409
7477, 410
2121, 411
1929, 412
1952, 413
1963, 414
2012, 415
1933, 416
1949, 417
1971, 418
1959, 419
2027, 420
1967, 421
1982, 422
1963, 423
1979, 424
1922, 425
1974, 426
5424, 427
1978, 428
2001, 429
1941, 430
1982, 431
1956, 432
2135, 433
1971, 434
1986, 435
1974, 436
1989, 437
1985, 438
2005, 439
1986, 440
2000, 441
1997, 442
2012, 443
2004, 444
1986, 445
1974, 446
2005, 447
1974, 448
1967, 449
1989, 450
2012, 451
1971, 452
2005, 453
5886, 454
1989, 455
1989, 456
2016, 457
1997, 458
1979, 459
1989, 460
1948, 461
1986, 462
1993, 463
1986, 464
1990, 465
1967, 466
1979, 467
1997, 468
2000, 469
1986, 470
1985, 471
2001, 472
1974, 473
2001, 474
1986, 475
1952, 476
1963, 477
2064, 478
1986, 479
1967, 480
1997, 481
1993, 482
1960, 483
1986, 484
1956, 485
2001, 486
1986, 487
1978, 488
1952, 489
1974, 490
1960, 491
1979, 492
1979, 493
1963, 494
1978, 495
1952, 496
1982, 497
1933, 498
1982, 499
1967, 500
1974, 501
1971, 502
1964, 503
1963, 504
5754, 505
2038, 506
2095, 507
2004, 508
1979, 509
1944, 510
1989, 511
2005, 512
1960, 513
1945, 514
1952, 515
1963, 516
1971, 517
1960, 518
1974, 519
1963, 520
2023, 521
1986, 522
1997, 523
1964, 524
1993, 525
1967, 526
2020, 527
1970, 528
1978, 529
1993, 530
2004, 531
2005, 532
2023, 533
1989, 534
2016, 535
1986, 536
1997, 537
2000, 538
1963, 539
2001, 540
1997, 541
2000, 542
2117, 543
2008, 544
1970, 545
2072, 546
2053, 547
1960, 548
2004, 549
2031, 550
2012, 551
1990, 552
1960, 553
1985, 554
1985, 555
1993, 556
1978, 557
1997, 558
2023, 559
1986, 560
2027, 561
2102, 562
1959, 563
1952, 564
2004, 565
1955, 566
1967, 567
1941, 568
1952, 569
1971, 570
1963, 571
1978, 572
1952, 573
1967, 574
1982, 575
1929, 576
120003, 577
2245, 578
1990, 579
2027, 580
2009, 581
2005, 582
1997, 583
2004, 584
1970, 585
1989, 586
1997, 587
1959, 588
1948, 589
1967, 590
1952, 591
1971, 592
1948, 593
1963, 594
1993, 595
2020, 596
2012, 597
2147, 598
3772, 599
1952, 600
1975, 601
1990, 602
2019, 603
2034, 604
1982, 605
1990, 606
1997, 607
1990, 608
1971, 609
1982, 610
2020, 611
1985, 612
1974, 613
1970, 614
1985, 615
2008, 616
2004, 617
2068, 618
2030, 619
2128, 620
2061, 621
2095, 622
2057, 623
1975, 624
1963, 625
2121, 626
1970, 627
1989, 628
1967, 629
1985, 630
1989, 631
2027, 632
2012, 633
1990, 634
1971, 635
1997, 636
1975, 637
1997, 638
1982, 639
61820, 640
1974, 641
2001, 642
1956, 643
1986, 644
1986, 645
2027, 646
1948, 647
1993, 648
2008, 649
1997, 650
1986, 651
2020, 652
1993, 653
1971, 654
1963, 655
2031, 656
2031, 657
1974, 658
1997, 659
2019, 660
1975, 661
1971, 662
1959, 663
1971, 664
1982, 665
2008, 666
2012, 667
1963, 668
2042, 669
1970, 670
1990, 671
1970, 672
2102, 673
1993, 674
1993, 675
2001, 676
1959, 677
1971, 678
2030, 679
1986, 680
1997, 681
1956, 682
2016, 683
1975, 684
1982, 685
1974, 686
2084, 687
2020, 688
1975, 689
1985, 690
1948, 691
2012, 692
4568, 693
2001, 694
1971, 695
2001, 696
1975, 697
1986, 698
1967, 699
1985, 700
1971, 701
1967, 702
1907, 703
2005, 704
1978, 705
1989, 706
1990, 707
1997, 708
1971, 709
2012, 710
1978, 711
1982, 712
1974, 713
2005, 714
1978, 715
1997, 716
2019, 717
1960, 718
2061, 719
8881, 720
2015, 721
1986, 722
1978, 723
2049, 724
2016, 725
2008, 726
1986, 727
1982, 728
1990, 729
1975, 730
2016, 731
1974, 732
1967, 733
2019, 734
1997, 735
1989, 736
1960, 737
1993, 738
1967, 739
1986, 740
2016, 741
2008, 742
1967, 743
1963, 744
2008, 745
2000, 746
2005, 747
1993, 748
1993, 749
1979, 750
1989, 751
1989, 752
2132, 753
1993, 754
1963, 755
1978, 756
1971, 757
1978, 758
1993, 759
1959, 760
1967, 761
1967, 762
1989, 763
1959, 764
1990, 765
1978, 766
2019, 767
1997, 768
1970, 769
1978, 770
1997, 771
1979, 772
1985, 773
1993, 774
2019, 775
1975, 776
1971, 777
1971, 778
1975, 779
1978, 780
1997, 781
1964, 782
2001, 783
1956, 784
2091, 785
1997, 786
2027, 787
2009, 788
2053, 789
2027, 790
2031, 791
1989, 792
1990, 793
1974, 794
2215, 795
2001, 796
1967, 797
1978, 798
1986, 799
1978, 800
1978, 801
1956, 802
1974, 803
1993, 804
1971, 805
1971, 806
1982, 807
1944, 808
1985, 809
1970, 810
1948, 811
1963, 812
1990, 813
1956, 814
1967, 815
1949, 816
1956, 817
1963, 818
1933, 819
1967, 820
1956, 821
1955, 822
1982, 823
1974, 824
2080, 825
1937, 826
1990, 827
1956, 828
1978, 829
2030, 830
2015, 831
1982, 832
2009, 833
1945, 834
1952, 835
2019, 836
1960, 837
2090, 838
1964, 839
1959, 840
7988, 841
1959, 842
1900, 843
1914, 844
1994, 845
1941, 846
1971, 847
1982, 848
1974, 849
1930, 850
1970, 851
2046, 852
1994, 853
1956, 854
2005, 855
1974, 856
1975, 857
1941, 858
1967, 859
1978, 860
1997, 861
2065, 862
1974, 863
2012, 864
1955, 865
1986, 866
1963, 867
5297, 868
1944, 869
1948, 870
1966, 871
1956, 872
1948, 873
1986, 874
1970, 875
1990, 876
1994, 877
1963, 878
1948, 879
1985, 880
1940, 881
2023, 882
1993, 883
1956, 884
1963, 885
1959, 886
1986, 887
1997, 888
1956, 889
5267, 890
2001, 891
1974, 892
1986, 893
1979, 894
2005, 895
2005, 896
1986, 897
1963, 898
1952, 899
1952, 900
1959, 901
1963, 902
1959, 903
1963, 904
1956, 905
1956, 906
1945, 907
1982, 908
2008, 909
1985, 910
1982, 911
1967, 912
1993, 913
1982, 914
1963, 915
1970, 916
1941, 917
1986, 918
1982, 919
1989, 920
1978, 921
2000, 922
1982, 923
1959, 924
1982, 925
1990, 926
1963, 927
1926, 928
1971, 929
1955, 930
1974, 931
1967, 932
1971, 933
1952, 934
1948, 935
1997, 936
1974, 937
2001, 938
2000, 939
1963, 940
1952, 941
1956, 942
1960, 943
1986, 944
1959, 945
1960, 946
1985, 947
1944, 948
1990, 949
1982, 950
1986, 951
2004, 952
1970, 953
1982, 954
1960, 955
1941, 956
1956, 957
1937, 958
1971, 959
1967, 960
1964, 961
1944, 962
1982, 963
1960, 964
1970, 965
1963, 966
1989, 967
1955, 968
1963, 969
1956, 970
1974, 971
1993, 972
1944, 973
1964, 974
2000, 975
2008, 976
1956, 977
1944, 978
1967, 979
2065, 980
1967, 981
1967, 982
1963, 983
1993, 984
2372, 985
1948, 986
2027, 987
2012, 988
2046, 989
2038, 990
2023, 991
2027, 992
2012, 993
1959, 994
1978, 995
1971, 996
1960, 997
1963, 998
1937, 999
1974, 1000
1975, 1001
1986, 1002
1952, 1003
1978, 1004
1956, 1005
1956, 1006
1926, 1007
1960, 1008
1985, 1009
1941, 1010
1959, 1011
1956, 1012
1989, 1013
1948, 1014
1881, 1015
1963, 1016
1956, 1017
1948, 1018
1963, 1019
1929, 1020
1933, 1021
1956, 1022
1959, 1023
1986, 1024
1974, 1025
1937, 1026
1967, 1027
1982, 1028
1937, 1029
1960, 1030
1963, 1031
1952, 1032
1952, 1033
1967, 1034
1941, 1035
1959, 1036
1963, 1037
1929, 1038
1922, 1039
1922, 1040
1944, 1041
1952, 1042
1967, 1043
1974, 1044
1982, 1045
2117, 1046
1967, 1047
1974, 1048
1986, 1049
1952, 1050
1990, 1051
2000, 1052
1952, 1053
2534, 1054
1985, 1055
2098, 1056
2072, 1057
1967, 1058
1967, 1059
1937, 1060
1971, 1061
1937, 1062
1948, 1063
1929, 1064
1944, 1065
1960, 1066
1971, 1067
1978, 1068
1967, 1069
1914, 1070
1993, 1071
1937, 1072
1933, 1073
1952, 1074
1963, 1075
1937, 1076
1918, 1077
1956, 1078
1955, 1079
1926, 1080
1918, 1081
1941, 1082
1933, 1083
1936, 1084
1936, 1085
1900, 1086
1929, 1087
1906, 1088
1903, 1089
1964, 1090
1925, 1091
1937, 1092
1952, 1093
1956, 1094
1959, 1095
1949, 1096
4621, 1097
1990, 1098
1967, 1099
1986, 1100
1989, 1101
1997, 1102
2024, 1103
1967, 1104
1955, 1105
1941, 1106
1967, 1107
1986, 1108
1986, 1109
1963, 1110
1970, 1111
1937, 1112
1952, 1113
1956, 1114
1982, 1115
1948, 1116
1952, 1117
1949, 1118
1940, 1119
1993, 1120
1964, 1121
1990, 1122
1971, 1123
4523, 1124
1949, 1125
1963, 1126
1937, 1127
1915, 1128
1967, 1129
1937, 1130
1922, 1131
1967, 1132
1948, 1133
1937, 1134
1955, 1135
1964, 1136
1925, 1137
1993, 1138
1967, 1139
1952, 1140
1989, 1141
1982, 1142
1949, 1143
1989, 1144
1975, 1145
1952, 1146
1986, 1147
1941, 1148
1986, 1149
1971, 1150
1956, 1151
1986, 1152
2004, 1153
1990, 1154
2008, 1155
1982, 1156
1989, 1157
1997, 1158
1997, 1159
1982, 1160
2009, 1161
1982, 1162
1978, 1163
2000, 1164
1997, 1165
1997, 1166
1967, 1167
1952, 1168
1975, 1169
1963, 1170
2031, 1171
1978, 1172
2016, 1173
1982, 1174
2005, 1175
1978, 1176
1956, 1177
1997, 1178
2000, 1179
1963, 1180
1941, 1181
1929, 1182
1955, 1183
1963, 1184
1930, 1185
1941, 1186
1982, 1187
1967, 1188
1951, 1189
1956, 1190
1922, 1191
1982, 1192
1918, 1193
1933, 1194
1915, 1195
1933, 1196
1922, 1197
1940, 1198
2129, 1199
1982, 1200
1952, 1201
1978, 1202
1967, 1203
2001, 1204
1975, 1205
1971, 1206
1922, 1207
1945, 1208
1926, 1209
1933, 1210
1937, 1211
1937, 1212
1978, 1213
1944, 1214
1940, 1215
1929, 1216
1948, 1217
2312, 1218
2069, 1219
1982, 1220
1944, 1221
1978, 1222
1952, 1223
1930, 1224
1937, 1225
1896, 1226
1919, 1227
1934, 1228
1914, 1229
1921, 1230
1937, 1231
1937, 1232
1918, 1233
1922, 1234
1933, 1235
1922, 1236
1929, 1237
1940, 1238
1911, 1239
1941, 1240
1907, 1241
1911, 1242
1941, 1243
1926, 1244
1937, 1245
1941, 1246
1930, 1247
1944, 1248
1955, 1249
1956, 1250
1963, 1251
1926, 1252
1948, 1253
1933, 1254
1948, 1255
1945, 1256
1944, 1257
1941, 1258
1982, 1259
1900, 1260
1933, 1261
1937, 1262
1929, 1263
1986, 1264
1941, 1265
1918, 1266
1982, 1267
1949, 1268
1952, 1269
1945, 1270
1967, 1271
1952, 1272
1956, 1273
1944, 1274
1933, 1275
1997, 1276
1937, 1277
1959, 1278
1960, 1279
151895, 1280
1994, 1281
1963, 1282
1929, 1283
1922, 1284
1937, 1285
1945, 1286
1948, 1287
1937, 1288
1960, 1289
1937, 1290
1922, 1291
1940, 1292
1960, 1293
1929, 1294
1933, 1295
1956, 1296
1933, 1297
2019, 1298
1967, 1299
1945, 1300
1967, 1301
1903, 1302
1952, 1303
1944, 1304
2038, 1305
1971, 1306
1948, 1307
1925, 1308
1956, 1309
1907, 1310
1930, 1311
1937, 1312
1937, 1313
1911, 1314
1911, 1315
1914, 1316
1911, 1317
1933, 1318
1926, 1319
1978, 1320
1956, 1321
1948, 1322
1982, 1323
1948, 1324
1945, 1325
1930, 1326
1907, 1327
1929, 1328
1926, 1329
1926, 1330
1945, 1331
1945, 1332
1956, 1333
1929, 1334
1955, 1335
1933, 1336
1960, 1337
1926, 1338
1903, 1339
1936, 1340
1915, 1341
1940, 1342
1945, 1343
1941, 1344
1952, 1345
1914, 1346
1971, 1347
1926, 1348
1937, 1349
1985, 1350
1956, 1351
1930, 1352
1926, 1353
1955, 1354
1956, 1355
1967, 1356
1940, 1357
1937, 1358
1930, 1359
1952, 1360
1960, 1361
1944, 1362
1937, 1363
1914, 1364
1921, 1365
1929, 1366
1907, 1367
1937, 1368
1899, 1369
1940, 1370
1934, 1371
1929, 1372
1911, 1373
1951, 1374
1941, 1375
1925, 1376
1978, 1377
1967, 1378
1978, 1379
1933, 1380
1903, 1381
1959, 1382
1945, 1383
1937, 1384
1926, 1385
1922, 1386
2008, 1387
1937, 1388
1955, 1389
1914, 1390
1944, 1391
1907, 1392
1964, 1393
1922, 1394
1921, 1395
1899, 1396
1918, 1397
1922, 1398
1941, 1399
1945, 1400
2004, 1401
1921, 1402
1959, 1403
1971, 1404
1907, 1405
1937, 1406
1933, 1407
1940, 1408
1986, 1409
1933, 1410
1941, 1411
1944, 1412
1956, 1413
1956, 1414
1933, 1415
1933, 1416
1918, 1417
1929, 1418
1934, 1419
1948, 1420
1866, 1421
1929, 1422
1911, 1423
1952, 1424
1952, 1425
1911, 1426
4302, 1427
1963, 1428
1956, 1429
1929, 1430
1937, 1431
1907, 1432
1937, 1433
1937, 1434
1918, 1435
1949, 1436
1941, 1437
1945, 1438
1937, 1439
1934, 1440
1964, 1441
1940, 1442
1959, 1443
1952, 1444
1967, 1445
1933, 1446
1970, 1447
1937, 1448
1948, 1449
1959, 1450
1937, 1451
1937, 1452
1971, 1453
4407, 1454
1956, 1455
2098, 1456
1941, 1457
1933, 1458
1975, 1459
1925, 1460
1959, 1461
1966, 1462
1959, 1463
1952, 1464
1937, 1465
1952, 1466
1941, 1467
1934, 1468
1910, 1469
1914, 1470
1930, 1471
1937, 1472
1975, 1473
1974, 1474
2027, 1475
1993, 1476
1952, 1477
1941, 1478
1963, 1479
1929, 1480
1941, 1481
1952, 1482
1944, 1483
1926, 1484
1956, 1485
1964, 1486
1944, 1487
1948, 1488
1967, 1489
1944, 1490
1945, 1491
1930, 1492
1960, 1493
1959, 1494
1993, 1495
1964, 1496
1963, 1497
1933, 1498
1963, 1499
1963, 1500
1941, 1501
1944, 1502
1945, 1503
1926, 1504
1978, 1505
1986, 1506
1955, 1507
2042, 1508
1960, 1509
1978, 1510
1971, 1511
1952, 1512
1952, 1513
1964, 1514
1971, 1515
1963, 1516
1985, 1517
1963, 1518
1978, 1519
1967, 1520
1955, 1521
1952, 1522
1967, 1523
1951, 1524
1952, 1525
1952, 1526
1967, 1527
1952, 1528
1949, 1529
1915, 1530
1952, 1531
1960, 1532
1952, 1533
1978, 1534
2035, 1535
1967, 1536
1952, 1537
1944, 1538
1967, 1539
1956, 1540
1948, 1541
1952, 1542
1930, 1543
1933, 1544
1925, 1545
1963, 1546
1964, 1547
1979, 1548
1978, 1549
1963, 1550
1937, 1551
1929, 1552
1960, 1553
1945, 1554
1937, 1555
1967, 1556
1952, 1557
1941, 1558
1978, 1559
1960, 1560
1971, 1561
2072, 1562
1993, 1563
1945, 1564
1949, 1565
1982, 1566
1978, 1567
1960, 1568
1952, 1569
75593, 1570
4012, 1571
2054, 1572
1956, 1573
1963, 1574
1925, 1575
1963, 1576
1970, 1577
2023, 1578
2061, 1579
1963, 1580
1971, 1581
1960, 1582
1989, 1583
1945, 1584
1982, 1585
1963, 1586
1993, 1587
1997, 1588
2000, 1589
2050, 1590
1989, 1591
1993, 1592
1967, 1593
2049, 1594
1974, 1595
1986, 1596
1985, 1597
1985, 1598
1993, 1599
1956, 1600
1945, 1601
1963, 1602
1989, 1603
1963, 1604
1955, 1605
1967, 1606
1982, 1607
2023, 1608
1940, 1609
1956, 1610
1971, 1611
1979, 1612
1941, 1613
1967, 1614
1963, 1615
1993, 1616
1986, 1617
1937, 1618
1997, 1619
1978, 1620
1884, 1621
1952, 1622
1978, 1623
1956, 1624
1940, 1625
1940, 1626
1975, 1627
1921, 1628
1967, 1629
1982, 1630
1956, 1631
1963, 1632
1940, 1633
1944, 1634
1948, 1635
1933, 1636
1929, 1637
1940, 1638
1967, 1639
1951, 1640
1941, 1641
1994, 1642
1967, 1643
1926, 1644
1948, 1645
1945, 1646
1963, 1647
2229, 1648
2016, 1649
2196, 1650
1971, 1651
1937, 1652
1929, 1653
1937, 1654
1918, 1655
4497, 1656
1967, 1657
1971, 1658
1956, 1659
1933, 1660
1956, 1661
2211, 1662
1974, 1663
1937, 1664
1959, 1665
1945, 1666
1937, 1667
1948, 1668
1948, 1669
1975, 1670
1922, 1671
1926, 1672
1934, 1673
1948, 1674
1967, 1675
1922, 1676
1937, 1677
1948, 1678
1941, 1679
1926, 1680
1952, 1681
1937, 1682
6370, 1683
1926, 1684
1978, 1685
1937, 1686
1944, 1687
1959, 1688
1975, 1689
1967, 1690
1948, 1691
1982, 1692
1941, 1693
1933, 1694
1926, 1695
1948, 1696
1967, 1697
1948, 1698
1914, 1699
1925, 1700
1933, 1701
1925, 1702
1941, 1703
1944, 1704
1933, 1705
1934, 1706
1926, 1707
1933, 1708
1918, 1709
1952, 1710
1945, 1711
1930, 1712
1918, 1713
1964, 1714
1952, 1715
2034, 1716
1967, 1717
1959, 1718
1967, 1719
1982, 1720
1963, 1721
1941, 1722
1971, 1723
1955, 1724
1918, 1725
1926, 1726
1915, 1727
1926, 1728
1911, 1729
1944, 1730
1941, 1731
1940, 1732
1944, 1733
1903, 1734
1941, 1735
1914, 1736
1982, 1737
1926, 1738
1937, 1739
1937, 1740
1941, 1741
1936, 1742
1960, 1743
1941, 1744
1941, 1745
1921, 1746
1914, 1747
1926, 1748
1952, 1749
1941, 1750
1963, 1751
1922, 1752
1910, 1753
1933, 1754
1884, 1755
1929, 1756
1955, 1757
1914, 1758
1910, 1759
1925, 1760
1933, 1761
1956, 1762
1959, 1763
1985, 1764
1967, 1765
1959, 1766
1929, 1767
1918, 1768
1952, 1769
1971, 1770
1971, 1771
1982, 1772
1918, 1773
1948, 1774
1989, 1775
1990, 1776
2001, 1777
1955, 1778
1959, 1779
1986, 1780
1975, 1781
1926, 1782
1986, 1783
1944, 1784
1960, 1785
1982, 1786
1956, 1787
2061, 1788
1952, 1789
1956, 1790
1937, 1791
1955, 1792
1929, 1793
1922, 1794
1952, 1795
1959, 1796
1933, 1797
1899, 1798
1926, 1799
1955, 1800
1926, 1801
1964, 1802
1926, 1803
1948, 1804
1922, 1805
1967, 1806
1941, 1807
1899, 1808
1952, 1809
1945, 1810
1933, 1811
1940, 1812
2064, 1813
1982, 1814
1960, 1815
1971, 1816
1959, 1817
1978, 1818
1994, 1819
2027, 1820
1959, 1821
1963, 1822
1970, 1823
1982, 1824
1948, 1825
1948, 1826
1960, 1827
1975, 1828
1952, 1829
1956, 1830
1979, 1831
1948, 1832
2001, 1833
1975, 1834
1982, 1835
1993, 1836
1993, 1837
1986, 1838
1967, 1839
1989, 1840
1997, 1841
1967, 1842
1997, 1843
1971, 1844
1975, 1845
1989, 1846
1967, 1847
1978, 1848
1982, 1849
1971, 1850
1978, 1851
1945, 1852
1990, 1853
1930, 1854
2019, 1855
1994, 1856
1979, 1857
4524, 1858
1941, 1859
1967, 1860
1940, 1861
1967, 1862
1948, 1863
1940, 1864
1926, 1865
1952, 1866
1940, 1867
2174, 1868
1933, 1869
2019, 1870
1952, 1871
1933, 1872
2031, 1873
1970, 1874
2046, 1875
1971, 1876
1971, 1877
1937, 1878
1955, 1879
1945, 1880
1997, 1881
1994, 1882
1989, 1883
2000, 1884
1993, 1885
2001, 1886
2005, 1887
1997, 1888
1985, 1889
2001, 1890
2020, 1891
2004, 1892
1985, 1893
1952, 1894
1993, 1895
1982, 1896
2004, 1897
1997, 1898
1959, 1899
1978, 1900
1952, 1901
1971, 1902
1982, 1903
1994, 1904
1970, 1905
1963, 1906
1970, 1907
1986, 1908
1978, 1909
1974, 1910
1967, 1911
1952, 1912
1982, 1913
1933, 1914
1978, 1915
1982, 1916
1986, 1917
1956, 1918
1964, 1919
1960, 1920
1986, 1921
1960, 1922
1975, 1923
1963, 1924
1925, 1925
5297, 1926
1963, 1927
1959, 1928
1922, 1929
1948, 1930
1944, 1931
1941, 1932
1929, 1933
1940, 1934
1940, 1935
1933, 1936
1949, 1937
1997, 1938
2113, 1939
1960, 1940
1930, 1941
1941, 1942
1967, 1943
1956, 1944
1949, 1945
1951, 1946
1914, 1947
1919, 1948
1941, 1949
1937, 1950
1963, 1951
1945, 1952
2087, 1953
1979, 1954
1986, 1955
1959, 1956
1949, 1957
1986, 1958
1956, 1959
1967, 1960
1956, 1961
1960, 1962
1937, 1963
1975, 1964
1997, 1965
1971, 1966
1929, 1967
2031, 1968
1955, 1969
1971, 1970
1930, 1971
1948, 1972
1982, 1973
1945, 1974
1937, 1975
2000, 1976
1978, 1977
1963, 1978
1967, 1979
1948, 1980
1974, 1981
1985, 1982
1956, 1983
1967, 1984
1926, 1985
1986, 1986
1934, 1987
1982, 1988
1967, 1989
1955, 1990
1926, 1991
1956, 1992
1918, 1993
1971, 1994
1952, 1995
1963, 1996
1974, 1997
1952, 1998
1956, 1999
1948, 2000
1952, 2001
1922, 2002
1895, 2003
1948, 2004
2241, 2005
1922, 2006
1960, 2007
1997, 2008
1967, 2009
1930, 2010
1937, 2011
1952, 2012
1952, 2013
1948, 2014
1963, 2015
1967, 2016
1963, 2017
2015, 2018
1963, 2019
1944, 2020
1974, 2021
1952, 2022
1915, 2023
1956, 2024
1952, 2025
1967, 2026
1967, 2027
1974, 2028
1978, 2029
1982, 2030
1982, 2031
1986, 2032
1989, 2033
1952, 2034
1967, 2035
1993, 2036
1967, 2037
1933, 2038
1922, 2039
1956, 2040
1967, 2041
1963, 2042
1960, 2043
1944, 2044
1967, 2045
1937, 2046
1967, 2047
1960, 2048
1945, 2049
1974, 2050
1959, 2051
1990, 2052
1963, 2053
1986, 2054
1971, 2055
1974, 2056
1952, 2057
1978, 2058
1975, 2059
1960, 2060
1978, 2061
1990, 2062
1986, 2063
1967, 2064
1945, 2065
1978, 2066
1986, 2067
1990, 2068
1978, 2069
1967, 2070
1929, 2071
1956, 2072
1952, 2073
1979, 2074
1960, 2075
1952, 2076
1967, 2077
1919, 2078
1929, 2079
2226, 2080
1974, 2081
1963, 2082
1970, 2083
1948, 2084
1963, 2085
1948, 2086
5462, 2087
1934, 2088
1970, 2089
1993, 2090
1959, 2091
1960, 2092
1990, 2093
1952, 2094
2005, 2095
1948, 2096
1982, 2097
1960, 2098
1990, 2099
1956, 2100
1990, 2101
1963, 2102
1952, 2103
1948, 2104
1933, 2105
1974, 2106
2020, 2107
1989, 2108
1982, 2109
1986, 2110
1955, 2111
1982, 2112
2001, 2113
8479, 2114
1971, 2115
1978, 2116
1970, 2117
1971, 2118
1948, 2119
1982, 2120
1970, 2121
1985, 2122
1982, 2123
1994, 2124
2004, 2125
1978, 2126
2004, 2127
1982, 2128
1964, 2129
1971, 2130
1978, 2131
1989, 2132
1986, 2133
1933, 2134
1967, 2135
1963, 2136
1982, 2137
1975, 2138
1971, 2139
1959, 2140
1967, 2141
1918, 2142
1937, 2143
1952, 2144
1952, 2145
1959, 2146
1956, 2147
1959, 2148
1964, 2149
1944, 2150
1926, 2151
2009, 2152
1956, 2153
1967, 2154
1978, 2155
1955, 2156
1967, 2157
1975, 2158
1971, 2159
2034, 2160
1971, 2161
1974, 2162
1970, 2163
1978, 2164
1970, 2165
1978, 2166
1967, 2167
1960, 2168
1971, 2169
1982, 2170
1986, 2171
1967, 2172
1971, 2173
1989, 2174
1978, 2175
1974, 2176
1982, 2177
1967, 2178
1986, 2179
1959, 2180
1975, 2181
1940, 2182
1948, 2183
1970, 2184
1937, 2185
1964, 2186
1948, 2187
1937, 2188
1960, 2189
1963, 2190
1941, 2191
1967, 2192
1974, 2193
1978, 2194
1959, 2195
1986, 2196
1978, 2197
1966, 2198
1986, 2199
1974, 2200
1986, 2201
1944, 2202
1975, 2203
1948, 2204
1960, 2205
1989, 2206
1982, 2207
1974, 2208
1975, 2209
1982, 2210
1986, 2211
1971, 2212
1978, 2213
1970, 2214
1990, 2215
1986, 2216
1952, 2217
1949, 2218
1982, 2219
1948, 2220
1960, 2221
1978, 2222
28727, 2223
1975, 2224
1964, 2225
1963, 2226
1971, 2227
1974, 2228
1960, 2229
1975, 2230
1966, 2231
2004, 2232
1948, 2233
1971, 2234
2612, 2235
1915, 2236
1933, 2237
1978, 2238
1982, 2239
1960, 2240
1921, 2241
1940, 2242
1967, 2243
1960, 2244
1967, 2245
1978, 2246
1970, 2247
1948, 2248
1978, 2249
1963, 2250
1989, 2251
1978, 2252
1963, 2253
1956, 2254
2005, 2255
1948, 2256
1951, 2257
1975, 2258
1937, 2259
1955, 2260
1967, 2261
1960, 2262
1941, 2263
1941, 2264
1926, 2265
2087, 2266
1926, 2267
1960, 2268
1929, 2269
1956, 2270
1948, 2271
1937, 2272
1941, 2273
1944, 2274
1941, 2275
1971, 2276
1952, 2277
1955, 2278
1982, 2279
1967, 2280
1933, 2281
1940, 2282
1937, 2283
1944, 2284
1930, 2285
1952, 2286
1945, 2287
2020, 2288
1990, 2289
1937, 2290
2005, 2291
5661, 2292
1952, 2293
1960, 2294
1978, 2295
1959, 2296
1922, 2297
1959, 2298
1929, 2299
1982, 2300
1952, 2301
1926, 2302
2000, 2303
2008, 2304
1975, 2305
1982, 2306
1971, 2307
2004, 2308
1967, 2309
1971, 2310
2030, 2311
1967, 2312
1982, 2313
1971, 2314
1978, 2315
1994, 2316
1937, 2317
1986, 2318
2020, 2319
1964, 2320
1989, 2321
1975, 2322
1948, 2323
1941, 2324
1948, 2325
1945, 2326
1944, 2327
1926, 2328
1956, 2329
1971, 2330
1974, 2331
1967, 2332
1952, 2333
1967, 2334
1978, 2335
1970, 2336
1941, 2337
2027, 2338
1949, 2339
1967, 2340
1971, 2341
1967, 2342
4441, 2343
1970, 2344
1960, 2345
1952, 2346
1967, 2347
1994, 2348
1949, 2349
1956, 2350
1952, 2351
1952, 2352
1956, 2353
1952, 2354
1971, 2355
1945, 2356
1948, 2357
2219, 2358
1982, 2359
6712, 2360
1971, 2361
1993, 2362
1978, 2363
2019, 2364
2050, 2365
2008, 2366
1997, 2367
2016, 2368
2004, 2369
5909, 2370
1967, 2371
1985, 2372
1952, 2373
1952, 2374
1978, 2375
1959, 2376
1944, 2377
1963, 2378
1948, 2379
1974, 2380
2001, 2381
1922, 2382
1956, 2383
1993, 2384
1967, 2385
1948, 2386
2031, 2387
1963, 2388
2083, 2389
2050, 2390
2008, 2391
1986, 2392
1978, 2393
1944, 2394
1993, 2395
1975, 2396
1963, 2397
1948, 2398
2661, 2399
2500, 2400
2031, 2401
1974, 2402
1990, 2403
2087, 2404
2045, 2405
1974, 2406
1914, 2407
1911, 2408
1971, 2409
1956, 2410
1986, 2411
1952, 2412
1971, 2413
1952, 2414
1974, 2415
1974, 2416
1959, 2417
1960, 2418
1926, 2419
1948, 2420
1952, 2421
1997, 2422
2016, 2423
1979, 2424
1956, 2425
1964, 2426
2016, 2427
5248, 2428
1956, 2429
1967, 2430
1963, 2431
1982, 2432
1982, 2433
1986, 2434
1982, 2435
1907, 2436
1971, 2437
1956, 2438
1941, 2439
1922, 2440
1971, 2441
1982, 2442
1952, 2443
1985, 2444
1985, 2445
1948, 2446
1970, 2447
1903, 2448
1926, 2449
2012, 2450
1952, 2451
1971, 2452
1986, 2453
2012, 2454
1982, 2455
2046, 2456
2004, 2457
2034, 2458
1941, 2459
1971, 2460
1982, 2461
1990, 2462
1951, 2463
1964, 2464
1967, 2465
1960, 2466
1959, 2467
1956, 2468
1945, 2469
1944, 2470
1970, 2471
1948, 2472
1956, 2473
1952, 2474
2023, 2475
2012, 2476
1948, 2477
1941, 2478
1960, 2479
1964, 2480
1952, 2481
1956, 2482
1960, 2483
1967, 2484
1955, 2485
1956, 2486
1907, 2487
1952, 2488
1967, 2489
1956, 2490
1959, 2491
1959, 2492
1944, 2493
1959, 2494
1963, 2495
1944, 2496
1948, 2497
1986, 2498
2466, 2499
2193, 2500
2012, 2501
1981, 2502
1986, 2503
2020, 2504
1978, 2505
1997, 2506
1979, 2507
1967, 2508
1993, 2509
1994, 2510
1974, 2511
2004, 2512
2001, 2513
2083, 2514
1975, 2515
1978, 2516
2027, 2517
1960, 2518
1956, 2519
1986, 2520
1982, 2521
2031, 2522
1967, 2523
1979, 2524
1985, 2525
1989, 2526
1982, 2527
1993, 2528
1971, 2529
1993, 2530
1967, 2531
1978, 2532
1982, 2533
1952, 2534
1970, 2535
1989, 2536
2004, 2537
2083, 2538
2016, 2539
1963, 2540
2091, 2541
2001, 2542
1956, 2543
1974, 2544
1975, 2545
1956, 2546
1974, 2547
1979, 2548
1941, 2549
1956, 2550
1967, 2551
1952, 2552
1948, 2553
1982, 2554
1940, 2555
1955, 2556
1960, 2557
1952, 2558
1971, 2559
217255, 2560
2124, 2561
1994, 2562
1974, 2563
2000, 2564
1979, 2565
1985, 2566
1959, 2567
2024, 2568
1979, 2569
2000, 2570
2001, 2571
1970, 2572
1978, 2573
1952, 2574
1971, 2575
1944, 2576
2001, 2577
1982, 2578
1997, 2579
2005, 2580
1970, 2581
4962, 2582
1997, 2583
2005, 2584
1989, 2585
2001, 2586
1982, 2587
2020, 2588
1986, 2589
2012, 2590
2004, 2591
1985, 2592
1989, 2593
2001, 2594
1994, 2595
1997, 2596
1997, 2597
1997, 2598
1989, 2599
2000, 2600
2005, 2601
1974, 2602
2001, 2603
1993, 2604
1990, 2605
1978, 2606
2019, 2607
2305, 2608
2034, 2609
1970, 2610
2008, 2611
2008, 2612
2012, 2613
1979, 2614
2027, 2615
1990, 2616
2004, 2617
2042, 2618
1989, 2619
2042, 2620
2000, 2621
1775612, 2622
2560, 2623
2005, 2624
2001, 2625
1989, 2626
2050, 2627
2016, 2628
1974, 2629
1981, 2630
1994, 2631
2038, 2632
2000, 2633
1978, 2634
2068, 2635
1982, 2636
1993, 2637
1982, 2638
2004, 2639
1982, 2640
1975, 2641
1978, 2642
1985, 2643
1966, 2644
1971, 2645
1986, 2646
1963, 2647
1997, 2648
1985, 2649
1982, 2650
1990, 2651
1996, 2652
1982, 2653
1975, 2654
1967, 2655
2008, 2656
1959, 2657
1974, 2658
1975, 2659
1974, 2660
1978, 2661
1986, 2662
1982, 2663
2012, 2664
2005, 2665
1971, 2666
1956, 2667
1956, 2668
1960, 2669
1978, 2670
1967, 2671
1970, 2672
1993, 2673
1986, 2674
1967, 2675
1974, 2676
1978, 2677
1982, 2678
1978, 2679
1952, 2680
2019, 2681
1997, 2682
1997, 2683
1993, 2684
2012, 2685
1997, 2686
1993, 2687
2008, 2688
1967, 2689
2001, 2690
1997, 2691
2008, 2692
1974, 2693
1990, 2694
2000, 2695
1993, 2696
1966, 2697
1967, 2698
2042, 2699
1971, 2700
1960, 2701
1978, 2702
1994, 2703
1989, 2704
2008, 2705
2031, 2706
1985, 2707
2004, 2708
1997, 2709
1982, 2710
2004, 2711
1982, 2712
1985, 2713
1978, 2714
1978, 2715
1994, 2716
1982, 2717
1989, 2718
1997, 2719
1982, 2720
1978, 2721
1997, 2722
1997, 2723
1952, 2724
1937, 2725
1963, 2726
2009, 2727
1948, 2728
1940, 2729
1952, 2730
1990, 2731
1963, 2732
2000, 2733
1964, 2734
1963, 2735
1940, 2736
1959, 2737
1945, 2738
1974, 2739
1949, 2740
1922, 2741
1963, 2742
1985, 2743
1963, 2744
1933, 2745
2001, 2746
4594, 2747
2012, 2748
1951, 2749
1933, 2750
1960, 2751
1933, 2752
1926, 2753
1975, 2754
1948, 2755
1971, 2756
1933, 2757
1877, 2758
1888, 2759
1888, 2760
1846, 2761
1858, 2762
1854, 2763
1866, 2764
1877, 2765
1869, 2766
1881, 2767
1885, 2768
1873, 2769
1862, 2770
1858, 2771
1855, 2772
1862, 2773
7339, 2774
1877, 2775
2977, 2776
1941, 2777
1910, 2778
2916, 2779
1978, 2780
1974, 2781
1997, 2782
1884, 2783
1873, 2784
1877, 2785
1866, 2786
1922, 2787
1922, 2788
1900, 2789
1888, 2790
1903, 2791
1866, 2792
1832, 2793
1850, 2794
1881, 2795
1839, 2796
1870, 2797
1851, 2798
1869, 2799
1835, 2800
1919, 2801
1851, 2802
1877, 2803
1877, 2804
1866, 2805
1892, 2806
1858, 2807
5154, 2808
1926, 2809
1896, 2810
1854, 2811
1877, 2812
1854, 2813
1896, 2814
1851, 2815
1877, 2816
1851, 2817
1854, 2818
1861, 2819
1854, 2820
1926, 2821
1869, 2822
1892, 2823
1899, 2824
1895, 2825
1873, 2826
1839, 2827
1889, 2828
1862, 2829
1858, 2830
1869, 2831
1873, 2832
1877, 2833
1885, 2834
1877, 2835
1854, 2836
1873, 2837
1846, 2838
1903, 2839
1900, 2840
1877, 2841
1910, 2842
1858, 2843
1881, 2844
1937, 2845
1884, 2846
1922, 2847
1873, 2848
1884, 2849
1865, 2850
1895, 2851
1892, 2852
1896, 2853
1915, 2854
1907, 2855
1911, 2856
1881, 2857
1899, 2858
1914, 2859
1891, 2860
1877, 2861
1903, 2862
1896, 2863
1884, 2864
1990, 2865
1884, 2866
1891, 2867
1862, 2868
1948, 2869
1911, 2870
1881, 2871
1895, 2872
1885, 2873
1903, 2874
1870, 2875
1876, 2876
1896, 2877
1862, 2878
1854, 2879
1843, 2880
1892, 2881
1925, 2882
1903, 2883
1907, 2884
1877, 2885
1903, 2886
1911, 2887
1915, 2888
1884, 2889
1895, 2890
1895, 2891
1926, 2892
1918, 2893
1896, 2894
1865, 2895
1929, 2896
1888, 2897
1899, 2898
1895, 2899
1896, 2900
1888, 2901
1903, 2902
1884, 2903
1835, 2904
1903, 2905
1896, 2906
1892, 2907
1869, 2908
1884, 2909
1881, 2910
1880, 2911
1896, 2912
1888, 2913
1911, 2914
1910, 2915
1900, 2916
1922, 2917
1911, 2918
1907, 2919
1881, 2920
1877, 2921
1880, 2922
1869, 2923
1862, 2924
1896, 2925
1888, 2926
1862, 2927
1873, 2928
1858, 2929
1884, 2930
1975, 2931
1877, 2932
1888, 2933
1888, 2934
1881, 2935
1926, 2936
1904, 2937
1888, 2938
1873, 2939
1862, 2940
1843, 2941
1843, 2942
1896, 2943
1885, 2944
1843, 2945
1899, 2946
1892, 2947
1896, 2948
5079, 2949
1910, 2950
1948, 2951
1858, 2952
1877, 2953
1881, 2954
1978, 2955
1911, 2956
1881, 2957
1907, 2958
2019, 2959
1851, 2960
1847, 2961
1870, 2962
2451, 2963
1929, 2964
1891, 2965
1884, 2966
1888, 2967
1892, 2968
1888, 2969
1884, 2970
1888, 2971
1870, 2972
1907, 2973
1884, 2974
1858, 2975
4997, 2976
1873, 2977
1858, 2978
1858, 2979
1892, 2980
1929, 2981
1888, 2982
1959, 2983
1888, 2984
1896, 2985
1876, 2986
1896, 2987
1862, 2988
1884, 2989
1858, 2990
1892, 2991
1906, 2992
1911, 2993
1941, 2994
1915, 2995
1888, 2996
1919, 2997
1900, 2998
1869, 2999
1870, 3000
2230, 3001
1903, 3002
1903, 3003
1903, 3004
1899, 3005
1904, 3006
1873, 3007
1854, 3008
1873, 3009
1896, 3010
1888, 3011
1899, 3012
1915, 3013
1892, 3014
2087, 3015
1914, 3016
1877, 3017
1873, 3018
1888, 3019
1843, 3020
1840, 3021
1870, 3022
1843, 3023
1896, 3024
1847, 3025
1885, 3026
1896, 3027
1896, 3028
1888, 3029
1892, 3030
1907, 3031
1877, 3032
1869, 3033
1865, 3034
1828, 3035
1888, 3036
1900, 3037
1907, 3038
1948, 3039
1896, 3040
1892, 3041
1888, 3042
1892, 3043
1881, 3044
1873, 3045
1865, 3046
1877, 3047
1888, 3048
2279, 3049
1907, 3050
1903, 3051
1885, 3052
1896, 3053
1889, 3054
1885, 3055
1915, 3056
1907, 3057
1865, 3058
1907, 3059
2030, 3060
1918, 3061
1896, 3062
1889, 3063
1937, 3064
1941, 3065
1900, 3066
1914, 3067
1877, 3068
1896, 3069
1858, 3070
1881, 3071
1877, 3072
1877, 3073
1888, 3074
1874, 3075
1877, 3076
1885, 3077
1900, 3078
1937, 3079
1892, 3080
1911, 3081
1888, 3082
1941, 3083
1907, 3084
1907, 3085
1881, 3086
1929, 3087
1922, 3088
1865, 3089
1911, 3090
1926, 3091
1922, 3092
1884, 3093
1937, 3094
1933, 3095
1922, 3096
1910, 3097
1892, 3098
1858, 3099
1994, 3100
1978, 3101
1952, 3102
1937, 3103
1948, 3104
1937, 3105
1975, 3106
1945, 3107
1990, 3108
1930, 3109
1956, 3110
1952, 3111
1929, 3112
1903, 3113
1926, 3114
1952, 3115
1933, 3116
1963, 3117
1941, 3118
1900, 3119
1910, 3120
1925, 3121
1907, 3122
1941, 3123
1911, 3124
1930, 3125
1941, 3126
1944, 3127
1922, 3128
1907, 3129
1933, 3130
1915, 3131
1918, 3132
1926, 3133
1919, 3134
1911, 3135
1945, 3136
1892, 3137
1925, 3138
1929, 3139
1937, 3140
1895, 3141
1967, 3142
1911, 3143
1937, 3144
1877, 3145
1888, 3146
1911, 3147
1907, 3148
1907, 3149
1899, 3150
1930, 3151
1918, 3152
1956, 3153
1925, 3154
1892, 3155
1911, 3156
1941, 3157
1933, 3158
1941, 3159
1903, 3160
1934, 3161
1918, 3162
2125, 3163
1993, 3164
1941, 3165
1915, 3166
4632, 3167
4077, 3168
1990, 3169
1933, 3170
1949, 3171
1975, 3172
1941, 3173
1967, 3174
1914, 3175
1963, 3176
1997, 3177
1978, 3178
1933, 3179
6430, 3180
1985, 3181
1952, 3182
1929, 3183
1959, 3184
1967, 3185
1940, 3186
1937, 3187
1918, 3188
1929, 3189
1915, 3190
1922, 3191
1964, 3192
1937, 3193
1915, 3194
1937, 3195
1959, 3196
1899, 3197
1910, 3198
1895, 3199
1937, 3200
1948, 3201
1919, 3202
1895, 3203
1922, 3204
4411, 3205
1899, 3206
1937, 3207
1911, 3208
1929, 3209
1910, 3210
2020, 3211
1933, 3212
1907, 3213
1937, 3214
1940, 3215
1918, 3216
1922, 3217
1949, 3218
1941, 3219
1956, 3220
1945, 3221
1933, 3222
1918, 3223
1978, 3224
1911, 3225
1904, 3226
1918, 3227
1884, 3228
1888, 3229
1959, 3230
1899, 3231
4358, 3232
1922, 3233
1937, 3234
1914, 3235
1903, 3236
1922, 3237
1940, 3238
1926, 3239
1888, 3240
1903, 3241
5016, 3242
1937, 3243
1915, 3244
1922, 3245
1907, 3246
1940, 3247
1895, 3248
1941, 3249
1884, 3250
1937, 3251
1888, 3252
1907, 3253
1907, 3254
1967, 3255
1945, 3256
1922, 3257
1922, 3258
1937, 3259
1933, 3260
1918, 3261
1945, 3262
1914, 3263
1914, 3264
1937, 3265
1918, 3266
1978, 3267
1914, 3268
1952, 3269
1881, 3270
1903, 3271
1903, 3272
5283, 3273
1918, 3274
1929, 3275
1896, 3276
1940, 3277
1934, 3278
1948, 3279
1937, 3280
1918, 3281
1959, 3282
2177, 3283
1944, 3284
1926, 3285
1989, 3286
1960, 3287
1952, 3288
1959, 3289
1918, 3290
2117, 3291
1944, 3292
1937, 3293
1944, 3294
1922, 3295
1944, 3296
1937, 3297
2084, 3298
15600, 3299
2042, 3300
1944, 3301
1922, 3302
1903, 3303
1899, 3304
1884, 3305
1907, 3306
1892, 3307
1933, 3308
1907, 3309
2102, 3310
1934, 3311
1895, 3312
1918, 3313
1869, 3314
1877, 3315
1910, 3316
1919, 3317
1880, 3318
1903, 3319
1910, 3320
1903, 3321
1895, 3322
1900, 3323
1915, 3324
1903, 3325
1929, 3326
1948, 3327
1895, 3328
3510, 3329
1971, 3330
1940, 3331
1989, 3332
1940, 3333
1914, 3334
1892, 3335
1963, 3336
2027, 3337
1929, 3338
1937, 3339
1952, 3340
1922, 3341
1907, 3342
1952, 3343
1915, 3344
1885, 3345
1899, 3346
1975, 3347
1933, 3348
1937, 3349
1930, 3350
1907, 3351
1937, 3352
1941, 3353
1866, 3354
1922, 3355
1948, 3356
1926, 3357
1967, 3358
1930, 3359
1915, 3360
1926, 3361
1940, 3362
1944, 3363
1944, 3364
1945, 3365
1948, 3366
1963, 3367
1990, 3368
1963, 3369
1948, 3370
1926, 3371
1945, 3372
1892, 3373
1944, 3374
1937, 3375
1930, 3376
1944, 3377
1937, 3378
1960, 3379
1967, 3380
1918, 3381
3371, 3382
1933, 3383
1930, 3384
1982, 3385
1926, 3386
1888, 3387
2053, 3388
1937, 3389
1933, 3390
1903, 3391
1933, 3392
1933, 3393
1971, 3394
2009, 3395
1959, 3396
2740, 3397
1963, 3398
1982, 3399
1997, 3400
1967, 3401
1952, 3402
1948, 3403
1948, 3404
1959, 3405
1940, 3406
1941, 3407
1922, 3408
1910, 3409
1911, 3410
1948, 3411
1970, 3412
1960, 3413
1930, 3414
1933, 3415
1955, 3416
1937, 3417
1944, 3418
1948, 3419
1944, 3420
1881, 3421
1948, 3422
1949, 3423
2042, 3424
1993, 3425
1937, 3426
1944, 3427
1959, 3428
1937, 3429
1933, 3430
1945, 3431
1967, 3432
1907, 3433
1903, 3434
1944, 3435
1941, 3436
1941, 3437
1926, 3438
1933, 3439
1963, 3440
1959, 3441
1929, 3442
1956, 3443
1933, 3444
1937, 3445
1933, 3446
1948, 3447
1907, 3448
1963, 3449
1952, 3450
1982, 3451
1944, 3452
1910, 3453
1959, 3454
1948, 3455
1967, 3456
1918, 3457
1888, 3458
1933, 3459
1929, 3460
1944, 3461
1971, 3462
1906, 3463
1922, 3464
1948, 3465
1929, 3466
1963, 3467
1930, 3468
1934, 3469
1937, 3470
1929, 3471
1944, 3472
1930, 3473
1911, 3474
1914, 3475
1952, 3476
1895, 3477
1911, 3478
1934, 3479
1911, 3480
1899, 3481
1918, 3482
1896, 3483
1911, 3484
1907, 3485
1885, 3486
1896, 3487
1903, 3488
1907, 3489
1865, 3490
1922, 3491
1926, 3492
1952, 3493
1945, 3494
1903, 3495
1914, 3496
1925, 3497
1915, 3498
1945, 3499
1926, 3500
1929, 3501
1911, 3502
1937, 3503
1937, 3504
1971, 3505
1940, 3506
1934, 3507
1944, 3508
1918, 3509
1896, 3510
1937, 3511
1971, 3512
1915, 3513
1915, 3514
2008, 3515
1937, 3516
1951, 3517
1944, 3518
1892, 3519
1929, 3520
1926, 3521
1930, 3522
1907, 3523
1944, 3524
1956, 3525
1937, 3526
1911, 3527
1914, 3528
1944, 3529
1952, 3530
1919, 3531
1922, 3532
1922, 3533
1922, 3534
1945, 3535
1948, 3536
1930, 3537
1922, 3538
1929, 3539
1933, 3540
1936, 3541
2027, 3542
1937, 3543
1948, 3544
1948, 3545
1937, 3546
1941, 3547
1941, 3548
1926, 3549
1922, 3550
1945, 3551
1948, 3552
1959, 3553
1956, 3554
1955, 3555
1903, 3556
1903, 3557
1937, 3558
1937, 3559
1937, 3560
1952, 3561
1963, 3562
2005, 3563
1944, 3564
1922, 3565
1955, 3566
1952, 3567
1956, 3568
1997, 3569
1963, 3570
1929, 3571
1986, 3572
1956, 3573
1982, 3574
1959, 3575
1944, 3576
1933, 3577
1956, 3578
1940, 3579
1907, 3580
1918, 3581
1970, 3582
1978, 3583
1964, 3584
1926, 3585
1933, 3586
1963, 3587
1934, 3588
1933, 3589
1941, 3590
1960, 3591
1944, 3592
1956, 3593
1959, 3594
2098, 3595
1940, 3596
2316, 3597
1978, 3598
2034, 3599
1971, 3600
1948, 3601
1933, 3602
1925, 3603
1933, 3604
1982, 3605
1914, 3606
1926, 3607
1967, 3608
1933, 3609
1911, 3610
1922, 3611
1918, 3612
1899, 3613
1940, 3614
1926, 3615
1891, 3616
1925, 3617
1937, 3618
1892, 3619
1907, 3620
1922, 3621
1903, 3622
1914, 3623
1941, 3624
1914, 3625
1941, 3626
1956, 3627
1904, 3628
1952, 3629
1948, 3630
1915, 3631
1926, 3632
1948, 3633
1955, 3634
1911, 3635
4557, 3636
1964, 3637
1929, 3638
1933, 3639
1937, 3640
1922, 3641
1929, 3642
1956, 3643
1914, 3644
1941, 3645
1937, 3646
1903, 3647
1926, 3648
1922, 3649
1900, 3650
1941, 3651
1952, 3652
1929, 3653
1922, 3654
1959, 3655
1963, 3656
1944, 3657
1940, 3658
1944, 3659
1907, 3660
1940, 3661
1974, 3662
4620, 3663
1926, 3664
1952, 3665
1948, 3666
1978, 3667
1944, 3668
1933, 3669
2169, 3670
1940, 3671
1940, 3672
1915, 3673
1884, 3674
1918, 3675
1948, 3676
1919, 3677
1926, 3678
1952, 3679
1985, 3680
1903, 3681
1948, 3682
1936, 3683
1956, 3684
1926, 3685
1964, 3686
2049, 3687
1926, 3688
1929, 3689
2004, 3690
1922, 3691
1929, 3692
1907, 3693
1955, 3694
1955, 3695
1978, 3696
1985, 3697
1971, 3698
1955, 3699
1922, 3700
1911, 3701
1922, 3702
1918, 3703
1952, 3704
1982, 3705
1940, 3706
1940, 3707
1918, 3708
1937, 3709
1967, 3710
1956, 3711
1948, 3712
1974, 3713
1948, 3714
1952, 3715
1967, 3716
1918, 3717
1925, 3718
1933, 3719
1933, 3720
1949, 3721
1899, 3722
1929, 3723
1944, 3724
1941, 3725
1922, 3726
1907, 3727
1948, 3728
1937, 3729
1937, 3730
1911, 3731
1941, 3732
1956, 3733
1971, 3734
1993, 3735
1994, 3736
1967, 3737
1933, 3738
1970, 3739
1978, 3740
1955, 3741
1967, 3742
1948, 3743
1911, 3744
1941, 3745
1945, 3746
1941, 3747
1945, 3748
1930, 3749
1940, 3750
1914, 3751
1899, 3752
1922, 3753
1937, 3754
1911, 3755
1948, 3756
1930, 3757
1903, 3758
1952, 3759
1959, 3760
1952, 3761
1929, 3762
1952, 3763
1948, 3764
1982, 3765
1971, 3766
1940, 3767
1975, 3768
1978, 3769
1937, 3770
1937, 3771
1941, 3772
1963, 3773
1918, 3774
1944, 3775
1997, 3776
1975, 3777
1989, 3778
1967, 3779
1982, 3780
1937, 3781
2023, 3782
1945, 3783
1945, 3784
1952, 3785
1978, 3786
1880, 3787
1892, 3788
1941, 3789
1880, 3790
1911, 3791
1895, 3792
1918, 3793
1922, 3794
1933, 3795
1949, 3796
1978, 3797
1933, 3798
1922, 3799
1921, 3800
1929, 3801
1937, 3802
1933, 3803
1944, 3804
1937, 3805
1941, 3806
1949, 3807
1891, 3808
1922, 3809
2005, 3810
1960, 3811
1892, 3812
1963, 3813
1940, 3814
1994, 3815
1989, 3816
1997, 3817
1959, 3818
1907, 3819
1930, 3820
1952, 3821
1952, 3822
2004, 3823
1949, 3824
1926, 3825
1926, 3826
1921, 3827
1918, 3828
1915, 3829
1955, 3830
1937, 3831
1930, 3832
1926, 3833
1926, 3834
1925, 3835
1922, 3836
2012, 3837
1978, 3838
1971, 3839
1982, 3840
1948, 3841
2001, 3842
2184, 3843
1944, 3844
1873, 3845
1937, 3846
1975, 3847
1963, 3848
1940, 3849
1967, 3850
1922, 3851
1948, 3852
1964, 3853
1955, 3854
1956, 3855
1978, 3856
1933, 3857
1949, 3858
1945, 3859
1937, 3860
1956, 3861
1986, 3862
1956, 3863
2005, 3864
1956, 3865
1929, 3866
1930, 3867
1907, 3868
1963, 3869
1933, 3870
1929, 3871
1911, 3872
1951, 3873
1941, 3874
1948, 3875
1948, 3876
1918, 3877
1933, 3878
1918, 3879
1974, 3880
1918, 3881
1900, 3882
1959, 3883
1967, 3884
1936, 3885
1933, 3886
1933, 3887
1918, 3888
1922, 3889
1967, 3890
1892, 3891
7699, 3892
1937, 3893
1914, 3894
1971, 3895
1929, 3896
1989, 3897
1937, 3898
1941, 3899
1944, 3900
1944, 3901
1941, 3902
1956, 3903
1945, 3904
1963, 3905
1948, 3906
1922, 3907
1956, 3908
1963, 3909
1941, 3910
1955, 3911
1929, 3912
1948, 3913
1959, 3914
1930, 3915
1934, 3916
1915, 3917
1952, 3918
4639, 3919
1937, 3920
1937, 3921
1937, 3922
1941, 3923
1949, 3924
1930, 3925
1978, 3926
1952, 3927
1929, 3928
1922, 3929
1944, 3930
1926, 3931
1933, 3932
1930, 3933
1959, 3934
1937, 3935
1918, 3936
1941, 3937
1952, 3938
1948, 3939
1948, 3940
1948, 3941
1948, 3942
1960, 3943
1982, 3944
1960, 3945
1967, 3946
1948, 3947
1967, 3948
1941, 3949
1911, 3950
1941, 3951
2008, 3952
1952, 3953
1911, 3954
1903, 3955
1922, 3956
1926, 3957
1937, 3958
1925, 3959
1944, 3960
1990, 3961
1929, 3962
1956, 3963
1963, 3964
1929, 3965
1948, 3966
1956, 3967
1955, 3968
1960, 3969
1959, 3970
1941, 3971
1978, 3972
1922, 3973
1960, 3974
1937, 3975
1978, 3976
1933, 3977
1933, 3978
1929, 3979
1929, 3980
1960, 3981
1959, 3982
1940, 3983
1959, 3984
1941, 3985
1933, 3986
1900, 3987
1903, 3988
1903, 3989
1907, 3990
1922, 3991
1906, 3992
1952, 3993
1918, 3994
1918, 3995
1933, 3996
1903, 3997
1926, 3998
1906, 3999
1929, 4000
1919, 4001
1952, 4002
1955, 4003
1955, 4004
1952, 4005
1975, 4006
1937, 4007
1963, 4008
1934, 4009
1963, 4010
1930, 4011
1959, 4012
1918, 4013
1933, 4014
1911, 4015
1948, 4016
1929, 4017
1941, 4018
1959, 4019
1937, 4020
1967, 4021
1930, 4022
1934, 4023
1948, 4024
1930, 4025
1915, 4026
1933, 4027
1966, 4028
1929, 4029
1911, 4030
1956, 4031
1930, 4032
1933, 4033
1945, 4034
1940, 4035
1922, 4036
1952, 4037
1974, 4038
1959, 4039
1941, 4040
1915, 4041
1941, 4042
1911, 4043
1934, 4044
1937, 4045
1944, 4046
1955, 4047
1926, 4048
1956, 4049
1959, 4050
1914, 4051
1970, 4052
1945, 4053
1918, 4054
1944, 4055
1933, 4056
1903, 4057
1948, 4058
1945, 4059
1895, 4060
1926, 4061
1926, 4062
1906, 4063
1891, 4064
1926, 4065
1937, 4066
1937, 4067
1922, 4068
1941, 4069
1896, 4070
1925, 4071
1926, 4072
1918, 4073
2008, 4074
1948, 4075
1971, 4076
1975, 4077
1960, 4078
1982, 4079
1944, 4080
1936, 4081
1945, 4082
1925, 4083
1940, 4084
1955, 4085
1956, 4086
1952, 4087
1952, 4088
1922, 4089
1933, 4090
1949, 4091
1937, 4092
1982, 4093
4501, 4094
1937, 4095
1952, 4096
1926, 4097
1945, 4098
1925, 4099
1960, 4100
1967, 4101
1955, 4102
1956, 4103
1959, 4104
2030, 4105
1967, 4106
1945, 4107
1944, 4108
5402, 4109
1895, 4110
1899, 4111
1858, 4112
1907, 4113
1888, 4114
1903, 4115
1914, 4116
1900, 4117
1907, 4118
1900, 4119
1877, 4120
4391, 4121
1904, 4122
1900, 4123
1929, 4124
1933, 4125
1922, 4126
1892, 4127
1945, 4128
1899, 4129
1922, 4130
1929, 4131
1911, 4132
3551, 4133
2038, 4134
1948, 4135
1918, 4136
1884, 4137
1896, 4138
1930, 4139
1921, 4140
1881, 4141
1937, 4142
1918, 4143
1922, 4144
2009, 4145
1940, 4146
1907, 4147
1944, 4148
1925, 4149
1960, 4150
1919, 4151
1985, 4152
1952, 4153
1956, 4154
1966, 4155
1922, 4156
1922, 4157
1945, 4158
1956, 4159
1970, 4160
1970, 4161
2012, 4162
1926, 4163
1963, 4164
1993, 4165
1967, 4166
1918, 4167
1963, 4168
1948, 4169
1967, 4170
1933, 4171
1940, 4172
1911, 4173
1941, 4174
1989, 4175
1937, 4176
1929, 4177
1918, 4178
1944, 4179
1918, 4180
1941, 4181
1933, 4182
1967, 4183
1922, 4184
1948, 4185
1933, 4186
1918, 4187
1949, 4188
1915, 4189
1922, 4190
1967, 4191
1933, 4192
1926, 4193
1926, 4194
1937, 4195
2049, 4196
1982, 4197
1956, 4198
1956, 4199
1944, 4200
1944, 4201
1952, 4202
1933, 4203
1933, 4204
1959, 4205
1944, 4206
1952, 4207
1933, 4208
1918, 4209
1933, 4210
1944, 4211
1926, 4212
1918, 4213
1949, 4214
1941, 4215
2019, 4216
1956, 4217
1945, 4218
1948, 4219
1911, 4220
1937, 4221
1956, 4222
1948, 4223
1974, 4224
1952, 4225
1960, 4226
1963, 4227
1929, 4228
1964, 4229
1925, 4230
1926, 4231
1956, 4232
1925, 4233
1944, 4234
1982, 4235
1952, 4236
1933, 4237
1918, 4238
1918, 4239
1937, 4240
1922, 4241
1971, 4242
1915, 4243
1925, 4244
1933, 4245
1937, 4246
1911, 4247
1922, 4248
1903, 4249
1933, 4250
1960, 4251
1945, 4252
1926, 4253
1930, 4254
1948, 4255
1959, 4256
1910, 4257
1918, 4258
1896, 4259
1900, 4260
1915, 4261
1941, 4262
1933, 4263
1929, 4264
1926, 4265
1952, 4266
1937, 4267
1944, 4268
1914, 4269
1918, 4270
1956, 4271
1930, 4272
1933, 4273
1945, 4274
1948, 4275
1915, 4276
1934, 4277
1929, 4278
1937, 4279
1929, 4280
2091, 4281
1940, 4282
1918, 4283
1933, 4284
1911, 4285
1926, 4286
1915, 4287
1937, 4288
1914, 4289
2109, 4290
1986, 4291
1960, 4292
1944, 4293
1970, 4294
1975, 4295
1925, 4296
1907, 4297
1919, 4298
1891, 4299
1911, 4300
1951, 4301
1892, 4302
1945, 4303
1929, 4304
1975, 4305
1990, 4306
1971, 4307
1963, 4308
1989, 4309
1956, 4310
1903, 4311
2001, 4312
1944, 4313
1911, 4314
1929, 4315
1922, 4316
1922, 4317
1915, 4318
1922, 4319
1900, 4320
1903, 4321
1895, 4322
1900, 4323
5969, 4324
1929, 4325
1955, 4326
1944, 4327
1933, 4328
1944, 4329
1941, 4330
1944, 4331
1955, 4332
1934, 4333
1945, 4334
1899, 4335
1934, 4336
1884, 4337
1903, 4338
1930, 4339
1925, 4340
1937, 4341
1903, 4342
1937, 4343
1948, 4344
1937, 4345
1937, 4346
1944, 4347
1933, 4348
1929, 4349
4380, 4350
1955, 4351
1907, 4352
1964, 4353
1926, 4354
1963, 4355
1937, 4356
1945, 4357
1903, 4358
1911, 4359
1915, 4360
1925, 4361
1910, 4362
1885, 4363
1899, 4364
1903, 4365
1914, 4366
1884, 4367
1906, 4368
1895, 4369
1915, 4370
1922, 4371
1903, 4372
1888, 4373
1895, 4374
1900, 4375
1907, 4376
4636, 4377
1922, 4378
1945, 4379
1910, 4380
1937, 4381
1925, 4382
1911, 4383
1922, 4384
1907, 4385
1933, 4386
1918, 4387
1933, 4388
1937, 4389
1907, 4390
1914, 4391
1952, 4392
1922, 4393
1960, 4394
1918, 4395
1963, 4396
1925, 4397
1925, 4398
1963, 4399
1929, 4400
1907, 4401
1967, 4402
1918, 4403
1937, 4404
1945, 4405
1963, 4406
1929, 4407
1955, 4408
1951, 4409
1925, 4410
1952, 4411
1974, 4412
1955, 4413
1926, 4414
1914, 4415
1944, 4416
1955, 4417
1944, 4418
1915, 4419
1918, 4420
1934, 4421
1937, 4422
1926, 4423
1948, 4424
1956, 4425
1903, 4426
1899, 4427
1986, 4428
1964, 4429
45567, 4430
1966, 4431
1956, 4432
1934, 4433
1925, 4434
1929, 4435
1888, 4436
1914, 4437
1937, 4438
1911, 4439
1937, 4440
1941, 4441
1945, 4442
1937, 4443
1940, 4444
1869, 4445
1952, 4446
1959, 4447
1945, 4448
1933, 4449
1934, 4450
1925, 4451
1910, 4452
1949, 4453
1937, 4454
1941, 4455
1941, 4456
1933, 4457
1982, 4458
1933, 4459
1949, 4460
1937, 4461
1963, 4462
1967, 4463
1963, 4464
1925, 4465
1937, 4466
1929, 4467
1925, 4468
1933, 4469
1922, 4470
1944, 4471
1891, 4472
1941, 4473
1925, 4474
1926, 4475
1937, 4476
1926, 4477
1941, 4478
1888, 4479
1926, 4480
1919, 4481
1910, 4482
1919, 4483
1911, 4484
1960, 4485
1941, 4486
1929, 4487
1926, 4488
1911, 4489
1929, 4490
1937, 4491
1925, 4492
1922, 4493
1922, 4494
1937, 4495
1941, 4496
1933, 4497
1945, 4498
1892, 4499
1891, 4500
1941, 4501
1907, 4502
1915, 4503
1899, 4504
1911, 4505
1941, 4506
1915, 4507
1929, 4508
1926, 4509
1933, 4510
1907, 4511
1911, 4512
1937, 4513
1956, 4514
1934, 4515
1948, 4516
1951, 4517
1934, 4518
1922, 4519
1952, 4520
1933, 4521
1933, 4522
1952, 4523
1933, 4524
4366, 4525
1948, 4526
1933, 4527
1952, 4528
1929, 4529
1930, 4530
1907, 4531
1907, 4532
1974, 4533
2080, 4534
1975, 4535
1960, 4536
1993, 4537
2004, 4538
1948, 4539
1926, 4540
1956, 4541
1955, 4542
1956, 4543
1982, 4544
1899, 4545
1948, 4546
1907, 4547
1922, 4548
1940, 4549
1937, 4550
1922, 4551
4512, 4552
1941, 4553
1930, 4554
1948, 4555
1914, 4556
1945, 4557
1937, 4558
1915, 4559
1907, 4560
1930, 4561
1925, 4562
1934, 4563
1952, 4564
1945, 4565
1910, 4566
1922, 4567
1941, 4568
1937, 4569
1936, 4570
1945, 4571
1929, 4572
1926, 4573
1952, 4574
1933, 4575
1926, 4576
1971, 4577
1910, 4578
1948, 4579
2008, 4580
2158, 4581
1937, 4582
1907, 4583
1921, 4584
1933, 4585
1907, 4586
1933, 4587
1933, 4588
1933, 4589
1918, 4590
1915, 4591
1933, 4592
1918, 4593
1940, 4594
1930, 4595
1907, 4596
1937, 4597
1930, 4598
1910, 4599
1911, 4600
1918, 4601
1888, 4602
1929, 4603
1941, 4604
1952, 4605
1933, 4606
1949, 4607
1955, 4608
1930, 4609
1948, 4610
1911, 4611
1918, 4612
1899, 4613
1937, 4614
1941, 4615
1941, 4616
1937, 4617
1934, 4618
1948, 4619
1896, 4620
1926, 4621
1918, 4622
1918, 4623
1941, 4624
1955, 4625
1895, 4626
1930, 4627
1918, 4628
1929, 4629
1941, 4630
1937, 4631
1952, 4632
1956, 4633
1960, 4634
1945, 4635
1948, 4636
1952, 4637
1945, 4638
1945, 4639
1933, 4640
1936, 4641
1963, 4642
1934, 4643
1948, 4644
1948, 4645
1930, 4646
1896, 4647
1952, 4648
1903, 4649
1940, 4650
1945, 4651
1940, 4652
1918, 4653
1945, 4654
1907, 4655
1948, 4656
1907, 4657
1929, 4658
1948, 4659
1967, 4660
1937, 4661
1903, 4662
1925, 4663
1925, 4664
1914, 4665
1914, 4666
1881, 4667
1937, 4668
1903, 4669
1911, 4670
1907, 4671
1907, 4672
1948, 4673
1895, 4674
1918, 4675
1937, 4676
1937, 4677
1937, 4678
1948, 4679
1903, 4680
1937, 4681
1934, 4682
1925, 4683
1914, 4684
1930, 4685
1929, 4686
1911, 4687
1915, 4688
1948, 4689
1915, 4690
1915, 4691
1930, 4692
1982, 4693
1918, 4694
1975, 4695
1934, 4696
1948, 4697
1922, 4698
1907, 4699
1914, 4700
1903, 4701
1925, 4702
1933, 4703
1922, 4704
1929, 4705
1930, 4706
1914, 4707
1937, 4708
1914, 4709
1926, 4710
1937, 4711
1952, 4712
1948, 4713
1895, 4714
1929, 4715
1944, 4716
1929, 4717
1900, 4718
1919, 4719
1929, 4720
1922, 4721
1907, 4722
1915, 4723
1922, 4724
1929, 4725
1940, 4726
1888, 4727
1885, 4728
1922, 4729
1929, 4730
1915, 4731
1911, 4732
1907, 4733
1900, 4734
1922, 4735
1899, 4736
1914, 4737
1895, 4738
1903, 4739
1911, 4740
1922, 4741
1911, 4742
1873, 4743
1904, 4744
1911, 4745
1918, 4746
1884, 4747
1896, 4748
1888, 4749
1896, 4750
1895, 4751
1904, 4752
1929, 4753
1903, 4754
1910, 4755
1915, 4756
1915, 4757
1937, 4758
1914, 4759
1915, 4760
1918, 4761
1899, 4762
1900, 4763
1900, 4764
1880, 4765
1903, 4766
1885, 4767
1884, 4768
1915, 4769
1910, 4770
1929, 4771
1910, 4772
1911, 4773
1888, 4774
1911, 4775
1895, 4776
1884, 4777
1903, 4778
1899, 4779
1900, 4780
4898, 4781
1959, 4782
1911, 4783
1941, 4784
1975, 4785
1971, 4786
1959, 4787
1952, 4788
1948, 4789
1952, 4790
1895, 4791
1944, 4792
1948, 4793
1945, 4794
1926, 4795
1911, 4796
1896, 4797
1922, 4798
1925, 4799
1911, 4800
1907, 4801
1899, 4802
1948, 4803
1926, 4804
1941, 4805
1952, 4806
1907, 4807
4418, 4808
1926, 4809
1937, 4810
1910, 4811
1933, 4812
1944, 4813
1952, 4814
1974, 4815
1967, 4816
1952, 4817
1997, 4818
1951, 4819
1911, 4820
1896, 4821
1967, 4822
1941, 4823
1941, 4824
1945, 4825
2432, 4826
1975, 4827
1904, 4828
1963, 4829
1922, 4830
1971, 4831
1978, 4832
1896, 4833
1903, 4834
1955, 4835
1941, 4836
1895, 4837
1888, 4838
1945, 4839
1899, 4840
1896, 4841
1892, 4842
1873, 4843
1926, 4844
1933, 4845
1971, 4846
1906, 4847
1960, 4848
1900, 4849
1922, 4850
1925, 4851
1974, 4852
1940, 4853
1937, 4854
2023, 4855
1979, 4856
1952, 4857
1930, 4858
1937, 4859
1967, 4860
1907, 4861
1922, 4862
1918, 4863
1925, 4864
1903, 4865
1896, 4866
1884, 4867
1910, 4868
1925, 4869
1903, 4870
1899, 4871
1914, 4872
1933, 4873
1952, 4874
1978, 4875
1907, 4876
2016, 4877
1948, 4878
1956, 4879
1956, 4880
1903, 4881
1967, 4882
1911, 4883
1933, 4884
1952, 4885
1922, 4886
1929, 4887
1952, 4888
1933, 4889
1949, 4890
1922, 4891
1899, 4892
1910, 4893
1918, 4894
1934, 4895
1933, 4896
1941, 4897
1926, 4898
1930, 4899
1960, 4900
1929, 4901
1930, 4902
1911, 4903
1933, 4904
1930, 4905
1948, 4906
1937, 4907
1888, 4908
1915, 4909
1944, 4910
1929, 4911
1986, 4912
1945, 4913
1926, 4914
1982, 4915
1959, 4916
1930, 4917
1922, 4918
1975, 4919
1944, 4920
1907, 4921
1925, 4922
1876, 4923
1869, 4924
1944, 4925
1922, 4926
1907, 4927
1982, 4928
1933, 4929
1896, 4930
1936, 4931
1948, 4932
1918, 4933
2421, 4934
1914, 4935
1876, 4936
1899, 4937
1855, 4938
1847, 4939
2019, 4940
1866, 4941
1870, 4942
1892, 4943
1866, 4944
1896, 4945
1922, 4946
1891, 4947
1862, 4948
1903, 4949
1877, 4950
1870, 4951
2049, 4952
1884, 4953
1888, 4954
1896, 4955
1907, 4956
1888, 4957
2012, 4958
1884, 4959
1870, 4960
1862, 4961
1884, 4962
1937, 4963
1929, 4964
1952, 4965
1896, 4966
1952, 4967
1956, 4968
1959, 4969
1925, 4970
1929, 4971
1911, 4972
1948, 4973
1948, 4974
1955, 4975
1971, 4976
4580, 4977
1974, 4978
1918, 4979
1934, 4980
1936, 4981
2016, 4982
1933, 4983
1907, 4984
1929, 4985
1911, 4986
1896, 4987
2077, 4988
1914, 4989
1926, 4990
1907, 4991
1918, 4992
1884, 4993
1948, 4994
1925, 4995
1933, 4996
1941, 4997
1970, 4998
36453, 4999
